,participant_id
0,sub-342
1,sub-328
2,sub-321
3,sub-135
4,sub-334
5,sub-066
6,sub-143
7,sub-096
8,sub-318
9,sub-339
10,sub-330
11,sub-325
12,sub-316
13,sub-337
14,sub-065
15,sub-195
16,sub-140
17,sub-341
18,sub-322
19,sub-136
20,sub-084
21,sub-089
22,sub-132
23,sub-326
24,sub-345
25,sub-106
26,sub-095
27,sub-144
28,sub-333
29,sub-141
30,sub-336
31,sub-137
32,sub-323
33,sub-340
34,sub-344
35,sub-327
36,sub-016
37,sub-268
38,sub-133
39,sub-332
40,sub-199
41,sub-145
42,sub-134
43,sub-320
44,sub-329
45,sub-343
46,sub-142
47,sub-331
48,sub-338
49,sub-319
50,sub-324
51,sub-034
52,sub-111
53,sub-139
